date,opponent,venue
2026-08-22,Ipswich Town,Away
2026-08-29,Fulham,Home
2026-09-05,Brentford,Away
2026-09-12,Arsenal,Home
2026-09-19,Manchester City,Away
2026-10-10,Brighton,Home
2026-10-17,Bournemouth,Away
2026-10-24,Leeds,Home
2026-10-31,Coventry City,Away
2026-11-07,Chelsea,Home
2026-11-21,Aston Villa,Away
2026-11-28,Tottenham,Home
2026-12-02,Liverpool,Away
2026-12-05,Newcastle United,Away
2026-12-12,Nottingham Forest,Home
2026-12-19,Crystal Palace,Home
2026-12-26,Everton,Away
2026-12-30,Manchester United,Away
2027-01-02,Hull City,Home
2027-01-06,Liverpool,Home
2027-01-16,Chelsea,Away
2027-01-23,Coventry City,Home
2027-01-30,Tottenham,Away
2027-02-06,Aston Villa,Home
TBC,Hull City,Away
TBC,Everton,Home
2027-02-27,Crystal Palace,Away
TBC,Manchester United,Home
TBC,Brentford,Home
TBC,Ipswich Town,Home
TBC,Bournemouth,Home
TBC,Fulham,Away
TBC,Arsenal,Away
TBC,Brighton,Away
TBC,Leeds,Away
TBC,Nottingham Forest,Away
2027-05-01,Newcastle United,Home
2027-05-30,Manchester City,Home
